{
  "aeroporto": "Segunda-feira",
  "boa esperança": "Segunda-feira",
  "congonhas": "Segunda-feira",
  "floresta": "Segunda-feira",
  "matinha": "Segunda-feira",
  "olimpio nunes": "Segunda-feira",
  "santa luzia dos barros": "Segunda-feira",
  "serra negra": "Segunda-feira",
  "sao francisco": "Segunda-feira",
  "afrânio amaral": "Terça-feira",
  "cafe mineiro": "Terça-feira",
  "constantino": "Terça-feira",
  "industrial": "Terça-feira",
  "morada do sol": "Terça-feira",
  "ouro preto": "Terça-feira",
  "santa terezinha": "Terça-feira",
  "silvano": "Terça-feira",
  "sao joao da serra negra": "Terça-feira",
  "amir amaral": "Quarta-feira",
  "carajas": "Quarta-feira",
  "cruzeiro da serra": "Quarta-feira",
  "jardim eldorado": "Quarta-feira",
  "morada nova": "Quarta-feira",
  "padre eustaquio": "Quarta-feira",
  "santo antonio": "Quarta-feira",
  "sao judas": "Quarta-feira",
  "centro": "Quinta-feira",
  "dona diva": "Quinta-feira",
  "manoel nunes": "Quinta-feira",
  "nacoes": "Quinta-feira",
  "parque das aguas": "Quinta-feira",
  "sao benedito": "Quinta-feira",
  "sao lucas": "Quinta-feira",
  "area rural de patrocinio": "Quinta-feira",
  "belvedere": "Sexta-feira",
  "cidade jardim": "Sexta-feira",
  "eneas ferreira de aguiar": "Sexta-feira",
  "marciano brandao": "Sexta-feira",
  "nossa senhora de fatima": "Sexta-feira",
  "salitre de minas": "Sexta-feira",
  "sao cristovao": "Sexta-feira",
  "sao vicente": "Sexta-feira"
}